invoice_id,
384,
385,
387,
383,
381,
379,
380,
376,
375,
370,
368,
369,
362,
363,
364,
358,
359,
361,
355,
354,
352,
353,
349,
350,
351,
347,
348,
344,
345,
346,
343,
342,
341,
340,
339,
337,
338,
335,
336,
334,
333,
332,
330,
329,
325,
326,
320,
323,
316,
310,
307,
308,
306,
243,
200,
254,
244,
263,
262,
249,
229,
198,
266,
265,
211,
237,
203,
248,
232,
204,
271,
208,
210,
209,
215,
231,
242,
207,
236,
205,
247,
214,
270,
221,
220,
219,
218,
217,
246,
269,
273,
216,
193,
239,
238,
202,
267,
196,
233,
194,
226,
240
